-- MySQL dump 10.13  Distrib 5.7.11, for Linux (x86_64)
--
-- Host: localhost    Database: homework
-- ------------------------------------------------------
-- Server version	5.7.11

/*!40101 SET @OLD_CHARACTER_SET_CLIENT=@@CHARACTER_SET_CLIENT */;
/*!40101 SET @OLD_CHARACTER_SET_RESULTS=@@CHARACTER_SET_RESULTS */;
/*!40101 SET @OLD_COLLATION_CONNECTION=@@COLLATION_CONNECTION */;
/*!40101 SET NAMES utf8 */;
/*!40103 SET @OLD_TIME_ZONE=@@TIME_ZONE */;
/*!40103 SET TIME_ZONE='+00:00' */;
/*!40014 SET @OLD_UNIQUE_CHECKS=@@UNIQUE_CHECKS, UNIQUE_CHECKS=0 */;
/*!40014 SET @OLD_FOREIGN_KEY_CHECKS=@@FOREIGN_KEY_CHECKS, FOREIGN_KEY_CHECKS=0 */;
/*!40101 SET @OLD_SQL_MODE=@@SQL_MODE, SQL_MODE='NO_AUTO_VALUE_ON_ZERO' */;
/*!40111 SET @OLD_SQL_NOTES=@@SQL_NOTES, SQL_NOTES=0 */;

--
-- Table structure for table `course`
--

DROP TABLE IF EXISTS `course`;
/*!40101 SET @saved_cs_client     = @@character_set_client */;
/*!40101 SET character_set_client = utf8 */;
CREATE TABLE `course` (
  `cicos_id` varchar(20) NOT NULL,
  `course_name` varchar(45) NOT NULL,
  `exp_num` int(11) NOT NULL,
  `example_name` varchar(100) NOT NULL,
  `university` varchar(45) NOT NULL,
  `department` varchar(45) NOT NULL,
  `clazz` varchar(45) NOT NULL,
  `last_time` datetime NOT NULL,
  `term` date DEFAULT NULL,
  PRIMARY KEY (`cicos_id`,`course_name`,`exp_num`),
  KEY `fk_course_student1_idx` (`cicos_id`),
  CONSTRAINT `fk_course_student1` FOREIGN KEY (`cicos_id`) REFERENCES `student` (`student_id`) ON DELETE NO ACTION ON UPDATE NO ACTION
) ENGINE=InnoDB DEFAULT CHARSET=utf8;
/*!40101 SET character_set_client = @saved_cs_client */;

--
-- Dumping data for table `course`
--

LOCK TABLES `course` WRITE;
/*!40000 ALTER TABLE `course` DISABLE KEYS */;
INSERT INTO `course` VALUES ('199421314301','大学物理基础',1,'example-name-no-define','仲恺农业工程学院','城市建设学院','土木944班','2017-07-01 00:00:00','2015-09-01'),('199421314301','工程力学',1,'example-name-no-define','仲恺农业工程学院','城市建设学院','土木944班','2017-07-01 00:00:00','2015-09-01'),('200021314301','大学化学基础',1,'example-name-no-define','中山大学','城市建设学院','土木007班','2017-07-01 00:00:00','2015-09-01'),('200021314301','大学物理基础',1,'example-name-no-define','中山大学','城市建设学院','土木007班','2017-07-01 00:00:00','2015-09-01'),('201321314301','数字图像处理',1,'example-name-no-define','仲恺农业工程学院','计算科学学院','统计931班','2017-07-01 00:00:00','2015-09-01'),('201321314301','概率论原理',1,'example-name-no-define','仲恺农业工程学院','计算科学学院','统计931班','2017-07-01 00:00:00','2015-09-01'),('201321314301','概率论原理',2,'example-name-no-define','仲恺农业工程学院','计算科学学院','统计931班','2017-07-01 00:00:00','2015-09-01'),('201321314315','JAVA应用技术',2,'example-name-no-define','仲恺农业工程学院','计算科学学院','信计133班','2016-05-01 00:00:00','2015-09-01'),('201321314315','test1',1,'example-name-no-define','仲恺农业工程学院','计算科学学院','信计133班','2016-10-01 21:30:00','2016-09-01'),('201321314315','web程序设计',10,'nnnnnnnnnnnnnn','仲恺农业工程学院','计算科学学院','信计133班','2016-07-15 09:00:00',NULL),('201321314315','管理信息系统',3,'example-name-no-define','仲恺农业工程学院','计算科学学院','信计133班','2016-06-30 00:00:00','2015-09-01'),('201321314315','计算机图形学',1,'example-name-no-define','仲恺农业工程学院','计算科学学院','信计133班','2016-07-01 09:00:00','2015-09-01'),('201321314315','计算机图形学',2,'example-name-no-define','仲恺农业工程学院','计算科学学院','信计133班','2016-07-06 00:00:00','2015-09-01'),('201321314315','计算机图形学',3,'example-name-no-define','仲恺农业工程学院','计算科学学院','信计133班','2016-07-06 09:00:00','2015-09-01'),('201321314315','计算机图形学',4,'example-name-no-define','仲恺农业工程学院','计算科学学院','信计133班','2016-07-15 00:00:00','2015-09-01'),('201321314315','计算机网络原理',1,'example-name-no-define','仲恺农业工程学院','计算科学学院','信计133班','2016-03-15 00:00:00','2015-09-01'),('201721314301','C++程序设计',3,'example-name-no-define','仲恺农业大学','软件学院','软件171班','2016-07-04 20:31:32','2015-09-01'),('201721314301','数据库应用技术',1,'example-name-no-define','仲恺农业大学','软件学院','软件171班','2016-07-04 20:30:50','2015-09-01'),('201721314301','数据库应用技术',2,'example-name-no-define','仲恺农业大学','软件学院','软件171班','2016-07-04 20:31:03','2015-09-01'),('201721314301','数据库应用技术',3,'example-name-no-define','仲恺农业大学','软件学院','软件171班','2016-07-04 20:31:09','2015-09-01'),('201721314301','数据结构',3,'example-name-no-define','仲恺农业大学','软件学院','软件171班','2016-07-04 20:31:58','2015-09-01');
/*!40000 ALTER TABLE `course` ENABLE KEYS */;
UNLOCK TABLES;

--
-- Table structure for table `homework_status`
--

DROP TABLE IF EXISTS `homework_status`;
/*!40101 SET @saved_cs_client     = @@character_set_client */;
/*!40101 SET character_set_client = utf8 */;
CREATE TABLE `homework_status` (
  `student_id` varchar(20) NOT NULL,
  `cicos_id` varchar(20) NOT NULL,
  `course_name` varchar(45) NOT NULL,
  `exp_num` int(11) NOT NULL,
  `file_name` varchar(100) NOT NULL,
  `exp_time` datetime NOT NULL,
  `is_overtime` char(1) NOT NULL DEFAULT 'n',
  `exp_path` varchar(300) NOT NULL,
  PRIMARY KEY (`student_id`,`cicos_id`,`course_name`,`exp_num`),
  KEY `fk_student_has_course1_course1_idx` (`cicos_id`,`course_name`,`exp_num`),
  KEY `fk_student_has_course1_student1_idx` (`student_id`),
  CONSTRAINT `fk_student_has_course1_course1` FOREIGN KEY (`cicos_id`, `course_name`, `exp_num`) REFERENCES `course` (`cicos_id`, `course_name`, `exp_num`) ON DELETE NO ACTION ON UPDATE NO ACTION,
  CONSTRAINT `fk_student_has_course1_student1` FOREIGN KEY (`student_id`) REFERENCES `student` (`student_id`) ON DELETE NO ACTION ON UPDATE NO ACTION
) ENGINE=InnoDB DEFAULT CHARSET=utf8;
/*!40101 SET character_set_client = @saved_cs_client */;

--
-- Dumping data for table `homework_status`
--

LOCK TABLES `homework_status` WRITE;
/*!40000 ALTER TABLE `homework_status` DISABLE KEYS */;
INSERT INTO `homework_status` VALUES ('201321314305','201321314315','管理信息系统',3,'201321314305-程淑玲-信计133班-管理信息系统-作业3.doc','2016-07-06 11:15:30','n','/home/homework/仲恺农业工程学院/信计133班/管理信息系统/3/201321314305-程淑玲-信计133班-管理信息系统-作业3.doc'),('201321314306','201321314315','JAVA应用技术',2,'201321314306-冯伟豪-信计133班-JAVA应用技术-作业2.doc','2016-07-06 11:34:17','n','/home/homework/仲恺农业工程学院/信计133班/JAVA应用技术/2/201321314306-冯伟豪-信计133班-JAVA应用技术-作业2.doc'),('201321314308','201321314315','JAVA应用技术',2,'201321314308-何承璠-信计133班-JAVA应用技术-作业2.zip','2016-07-06 11:32:40','n','/home/homework/仲恺农业工程学院/信计133班/JAVA应用技术/2/201321314308-何承璠-信计133班-JAVA应用技术-作业2.zip'),('201321314309','201321314315','JAVA应用技术',2,'201321314309-胡斌-信计133班-JAVA应用技术-作业2.zip','2016-07-06 11:34:51','n','/home/homework/仲恺农业工程学院/信计133班/JAVA应用技术/2/201321314309-胡斌-信计133班-JAVA应用技术-作业2.zip'),('201321314312','201321314315','计算机网络原理',1,'201321314312-黄珉琳-信计133班-计算机网络原理-作业1.doc','2016-07-09 20:48:05','y','/home/homework/仲恺农业工程学院/信计133班/计算机网络原理/1/201321314312-黄珉琳-信计133班-计算机网络原理-作业1.doc'),('201321314314','201321314315','JAVA应用技术',2,'201321314314-李鸿-信计133班-JAVA应用技术-作业2.doc','2016-07-06 11:02:47','n','/home/homework/仲恺农业工程学院/信计133班/JAVA应用技术/2/201321314314-李鸿-信计133班-JAVA应用技术-作业2.doc'),('201321314315','201321314315','JAVA应用技术',2,'201321314315-李明钊-信计133班-JAVA应用技术-作业2.doc','2016-07-10 22:25:53','n','/home/homework/仲恺农业工程学院/信计133班/JAVA应用技术/2/201321314315-李明钊-信计133班-JAVA应用技术-作业2.doc'),('201321314315','201321314315','管理信息系统',3,'201321314315-李明钊-信计133班-管理信息系统-作业3.doc','2016-07-07 19:44:20','n','/home/homework/仲恺农业工程学院/信计133班/管理信息系统/3/201321314315-李明钊-信计133班-管理信息系统-作业3.doc'),('201321314315','201321314315','计算机网络原理',1,'201321314315-李明钊-信计133班-计算机网络原理-作业1.doc','2016-07-09 20:49:16','n','/home/homework/仲恺农业工程学院/信计133班/计算机网络原理/1/201321314315-李明钊-信计133班-计算机网络原理-作业1.doc'),('201321314317','201321314315','JAVA应用技术',2,'201321314317-林远梓-信计133班-JAVA应用技术-作业2.doc','2016-07-07 21:58:24','n','/home/homework/仲恺农业工程学院/信计133班/JAVA应用技术/2/201321314317-林远梓-信计133班-JAVA应用技术-作业2.doc'),('201321314317','201321314315','管理信息系统',3,'201321314317-林远梓-信计133班-管理信息系统-作业3.doc','2016-07-07 21:58:32','n','/home/homework/仲恺农业工程学院/信计133班/管理信息系统/3/201321314317-林远梓-信计133班-管理信息系统-作业3.doc'),('201321314317','201321314315','计算机图形学',3,'201321314317-林远梓-信计133班-计算机图形学-作业3.doc','2016-07-07 23:42:39','n','/home/homework/仲恺农业工程学院/信计133班/计算机图形学/3/201321314317-林远梓-信计133班-计算机图形学-作业3.doc'),('201321314318','201321314315','JAVA应用技术',2,'201321314318-林跃-信计133班-JAVA应用技术-作业2.doc','2016-07-10 22:28:17','y','/usr/local/tomcat8/webapps/back_up_file/仲恺农业工程学院/信计133班/JAVA应用技术/2/201321314318-林跃-信计133班-JAVA应用技术-作业2.doc'),('201321314319','201321314315','JAVA应用技术',2,'201321314319-刘林海-信计133班-JAVA应用技术-作业2.doc','2016-07-10 20:18:45','y','/home/homework/仲恺农业工程学院/信计133班/JAVA应用技术/2/201321314319-刘林海-信计133班-JAVA应用技术-作业2.doc'),('201321314321','201321314315','计算机网络原理',1,'201321314321-卢家盛-信计133班-计算机网络原理-作业1.doc','2016-07-09 20:49:10','y','/home/homework/仲恺农业工程学院/信计133班/计算机网络原理/1/201321314321-卢家盛-信计133班-计算机网络原理-作业1.doc'),('201321314323','201321314315','管理信息系统',3,'201321314323-任浩鹏-信计133班-管理信息系统-作业3.docx','2016-07-06 11:15:40','n','/home/homework/仲恺农业工程学院/信计133班/管理信息系统/3/201321314323-任浩鹏-信计133班-管理信息系统-作业3.docx'),('201321314326','201321314315','计算机网络原理',1,'201321314326-王佳伟-信计133班-计算机网络原理-作业1.doc','2016-07-09 20:48:57','n','/home/homework/仲恺农业工程学院/信计133班/计算机网络原理/1/201321314326-王佳伟-信计133班-计算机网络原理-作业1.doc');
/*!40000 ALTER TABLE `homework_status` ENABLE KEYS */;
UNLOCK TABLES;

--
-- Table structure for table `student`
--

DROP TABLE IF EXISTS `student`;
/*!40101 SET @saved_cs_client     = @@character_set_client */;
/*!40101 SET character_set_client = utf8 */;
CREATE TABLE `student` (
  `student_id` varchar(20) NOT NULL,
  `student_name` varchar(45) NOT NULL,
  `is_cicos` char(1) NOT NULL DEFAULT 'n',
  `sex` char(2) NOT NULL DEFAULT '男',
  `university` varchar(45) NOT NULL,
  `department` varchar(45) NOT NULL,
  `clazz` varchar(45) NOT NULL,
  `entrance` date DEFAULT NULL,
  `graduation` date DEFAULT NULL,
  PRIMARY KEY (`student_id`)
) ENGINE=InnoDB DEFAULT CHARSET=utf8;
/*!40101 SET character_set_client = @saved_cs_client */;

--
-- Dumping data for table `student`
--

LOCK TABLES `student` WRITE;
/*!40000 ALTER TABLE `student` DISABLE KEYS */;
INSERT INTO `student` VALUES ('199321314301','曹森钜','n','男','仲恺农业工程学院','计算科学学院','统计931班','2013-09-01','2017-07-01'),('199321314302','陈法宇','n','男','仲恺农业工程学院','计算科学学院','统计931班','2013-09-01','2017-07-01'),('199321314303','陈剑华','n','男','仲恺农业工程学院','计算科学学院','统计931班','2013-09-01','2017-07-01'),('199321314304','陈子亮','n','男','仲恺农业工程学院','计算科学学院','统计931班','2013-09-01','2017-07-01'),('199321314305','程淑玲','n','男','仲恺农业工程学院','计算科学学院','统计931班','2013-09-01','2017-07-01'),('199321314306','冯伟豪','n','男','仲恺农业工程学院','计算科学学院','统计931班','2013-09-01','2017-07-01'),('199321314307','符贻杰','n','男','仲恺农业工程学院','计算科学学院','统计931班','2013-09-01','2017-07-01'),('199321314308','何承璠','n','男','仲恺农业工程学院','计算科学学院','统计931班','2013-09-01','2017-07-01'),('199321314309','胡斌','n','男','仲恺农业工程学院','计算科学学院','统计931班','2013-09-01','2017-07-01'),('199421314301','曹森钜','n','男','仲恺农业工程学院','城市建设学院','土木944班','2013-09-01','2017-07-01'),('199421314302','陈法宇','n','男','仲恺农业工程学院','城市建设学院','土木944班','2013-09-01','2017-07-01'),('199421314303','陈剑华','n','男','仲恺农业工程学院','城市建设学院','土木944班','2013-09-01','2017-07-01'),('199421314304','陈子亮','n','男','仲恺农业工程学院','城市建设学院','土木944班','2013-09-01','2017-07-01'),('199421314305','程淑玲','n','男','仲恺农业工程学院','城市建设学院','土木944班','2013-09-01','2017-07-01'),('199421314306','冯伟豪','n','男','仲恺农业工程学院','城市建设学院','土木944班','2013-09-01','2017-07-01'),('199421314307','符贻杰','n','男','仲恺农业工程学院','城市建设学院','土木944班','2013-09-01','2017-07-01'),('199421314308','何承璠','n','男','仲恺农业工程学院','城市建设学院','土木944班','2013-09-01','2017-07-01'),('199421314309','胡斌','n','男','仲恺农业工程学院','城市建设学院','土木944班','2013-09-01','2017-07-01'),('200021314301','曹森钜','n','男','中山大学','城市建设学院','土木007班','2013-09-01','2017-07-01'),('200021314302','陈法宇','n','男','中山大学','城市建设学院','土木007班','2013-09-01','2017-07-01'),('200021314303','陈剑华','n','男','中山大学','城市建设学院','土木007班','2013-09-01','2017-07-01'),('200021314304','陈子亮','n','男','中山大学','城市建设学院','土木007班','2013-09-01','2017-07-01'),('200021314305','程淑玲','n','男','中山大学','城市建设学院','土木007班','2013-09-01','2017-07-01'),('200021314306','冯伟豪','n','男','中山大学','城市建设学院','土木007班','2013-09-01','2017-07-01'),('200021314307','符贻杰','n','男','中山大学','城市建设学院','土木007班','2013-09-01','2017-07-01'),('200021314308','何承璠','n','男','中山大学','城市建设学院','土木007班','2013-09-01','2017-07-01'),('200021314309','胡斌','n','男','中山大学','城市建设学院','土木007班','2013-09-01','2017-07-01'),('201321314301','曹森钜','n','男','仲恺农业工程学院','计算科学学院','信计133班','2013-09-01','2017-07-01'),('201321314302','陈法宇','n','男','仲恺农业工程学院','计算科学学院','信计133班','2013-09-01','2017-07-01'),('201321314303','陈剑华','n','男','仲恺农业工程学院','计算科学学院','信计133班','2013-09-01','2017-07-01'),('201321314304','陈子亮','n','男','仲恺农业工程学院','计算科学学院','信计133班','2013-09-01','2017-07-01'),('201321314305','程淑玲','n','男','仲恺农业工程学院','计算科学学院','信计133班','2013-09-01','2017-07-01'),('201321314306','冯伟豪','n','男','仲恺农业工程学院','计算科学学院','信计133班','2013-09-01','2017-07-01'),('201321314307','符贻杰','n','男','仲恺农业工程学院','计算科学学院','信计133班','2013-09-01','2017-07-01'),('201321314308','何承璠','n','男','仲恺农业工程学院','计算科学学院','信计133班','2013-09-01','2017-07-01'),('201321314309','胡斌','n','男','仲恺农业工程学院','计算科学学院','信计133班','2013-09-01','2017-07-01'),('201321314310','胡照强','n','男','仲恺农业工程学院','计算科学学院','信计133班','2013-09-01','2017-07-01'),('201321314311','黄家欣','n','男','仲恺农业工程学院','计算科学学院','信计133班','2013-09-01','2017-07-01'),('201321314312','黄珉琳','n','男','仲恺农业工程学院','计算科学学院','信计133班','2013-09-01','2017-07-01'),('201321314313','黄明智','n','男','仲恺农业工程学院','计算科学学院','信计133班','2013-09-01','2017-07-01'),('201321314314','李鸿','n','男','仲恺农业工程学院','计算科学学院','信计133班','2013-09-01','2017-07-01'),('201321314315','李明钊','y','男','仲恺农业工程学院','计算科学学院','信计133班','2013-09-01','2017-07-01'),('201321314316','梁家琪','n','男','仲恺农业工程学院','计算科学学院','信计133班','2013-09-01','2017-07-01'),('201321314317','林远梓','n','男','仲恺农业工程学院','计算科学学院','信计133班','2013-09-01','2017-07-01'),('201321314318','林跃','n','男','仲恺农业工程学院','计算科学学院','信计133班','2013-09-01','2017-07-01'),('201321314319','刘林海','n','男','仲恺农业工程学院','计算科学学院','信计133班','2013-09-01','2017-07-01'),('201321314320','刘晚枫','n','男','仲恺农业工程学院','计算科学学院','信计133班','2013-09-01','2017-07-01'),('201321314321','卢家盛','n','男','仲恺农业工程学院','计算科学学院','信计133班','2013-09-01','2017-07-01'),('201321314322','罗少雄','n','男','仲恺农业工程学院','计算科学学院','信计133班','2013-09-01','2017-07-01'),('201321314323','任浩鹏','n','男','仲恺农业工程学院','计算科学学院','信计133班','2013-09-01','2017-07-01'),('201321314324','谭舒朗','n','男','仲恺农业工程学院','计算科学学院','信计133班','2013-09-01','2017-07-01'),('201321314325','谭振繁','n','男','仲恺农业工程学院','计算科学学院','信计133班','2013-09-01','2017-07-01'),('201321314326','王佳伟','n','男','仲恺农业工程学院','计算科学学院','信计133班','2013-09-01','2017-07-01'),('201321314327','吴洪林','n','男','仲恺农业工程学院','计算科学学院','信计133班','2013-09-01','2017-07-01'),('201321314328','吴龙韬','n','男','仲恺农业工程学院','计算科学学院','信计133班','2013-09-01','2017-07-01'),('201321314329','吴梦亮','n','男','仲恺农业工程学院','计算科学学院','信计133班','2013-09-01','2017-07-01'),('201321314330','武佩云','n','男','仲恺农业工程学院','计算科学学院','信计133班','2013-09-01','2017-07-01'),('201321314331','曾杰超','n','男','仲恺农业工程学院','计算科学学院','信计133班','2013-09-01','2017-07-01'),('201321314332','张沅婷','n','男','仲恺农业工程学院','计算科学学院','信计133班','2013-09-01','2017-07-01'),('201321314333','周星海','n','男','仲恺农业工程学院','计算科学学院','信计133班','2013-09-01','2017-07-01'),('201321314334','朱静文','n','男','仲恺农业工程学院','计算科学学院','信计133班','2013-09-01','2017-07-01'),('201321314335','邹乐涛','n','男','仲恺农业工程学院','计算科学学院','信计133班','2013-09-01','2017-07-01'),('201321314336','朱勇标','n','男','仲恺农业工程学院','计算科学学院','信计133班','2013-09-01','2017-07-01'),('201321314337','林业办','n','男','仲恺农业工程学院','计算科学学院','信计133班','2013-09-01','2017-07-01'),('201721314301','曹森钜','n','男','仲恺农业大学','软件学院','软件171班','2013-09-01','2017-07-01'),('201721314302','陈法宇','n','男','仲恺农业大学','软件学院','软件171班','2013-09-01','2017-07-01'),('201721314303','陈剑华','n','男','仲恺农业大学','软件学院','软件171班','2013-09-01','2017-07-01'),('201721314304','陈子亮','n','男','仲恺农业大学','软件学院','软件171班','2013-09-01','2017-07-01'),('201721314305','程淑玲','n','男','仲恺农业大学','软件学院','软件171班','2013-09-01','2017-07-01'),('201721314306','冯伟豪','n','男','仲恺农业大学','软件学院','软件171班','2013-09-01','2017-07-01'),('201721314307','符贻杰','n','男','仲恺农业大学','软件学院','软件171班','2013-09-01','2017-07-01'),('201721314308','何承璠','n','男','仲恺农业大学','软件学院','软件171班','2013-09-01','2017-07-01'),('201721314309','胡斌','n','男','仲恺农业大学','软件学院','软件171班','2013-09-01','2017-07-01');
/*!40000 ALTER TABLE `student` ENABLE KEYS */;
UNLOCK TABLES;

--
-- Table structure for table `user`
--

DROP TABLE IF EXISTS `user`;
/*!40101 SET @saved_cs_client     = @@character_set_client */;
/*!40101 SET character_set_client = utf8 */;
CREATE TABLE `user` (
  `account` varchar(20) NOT NULL,
  `password` varchar(20) NOT NULL,
  `is_admin` char(1) NOT NULL DEFAULT 'n',
  `is_cicos` char(1) NOT NULL DEFAULT 'n',
  `student_id` varchar(20) NOT NULL,
  `student_name` varchar(45) NOT NULL,
  `email` varchar(45) NOT NULL,
  `register_time` datetime DEFAULT NULL,
  `status` char(1) NOT NULL DEFAULT '1',
  `validate_code` char(32) DEFAULT NULL,
  PRIMARY KEY (`account`),
  KEY `fk_user_student1_idx` (`student_id`),
  CONSTRAINT `fk_user_student1` FOREIGN KEY (`student_id`) REFERENCES `student` (`student_id`) ON DELETE NO ACTION ON UPDATE NO ACTION
) ENGINE=InnoDB DEFAULT CHARSET=utf8;
/*!40101 SET character_set_client = @saved_cs_client */;

--
-- Dumping data for table `user`
--

LOCK TABLES `user` WRITE;
/*!40000 ALTER TABLE `user` DISABLE KEYS */;
INSERT INTO `user` VALUES ('admin','123','y','n','201321314315','jessie','jessieyyyyMMdd@gmain.com','2016-07-06 21:30:11','0','5201314'),('b','b','n','n','201321314318','林跃','yyyyMMdd@gmain.com','2016-07-06 21:33:30','0','yueB'),('jsi','jsi','y','y','201321314316','jessie','jessieyyyyMMdd@gmain.com','2016-07-06 20:09:59','0','5201314'),('s','s','n','n','201321314319','刘林海','yyyyMMdd@gmain.com','2016-07-06 21:33:00','0','hai'),('vic','123','n','y','201321314315','李明钊','victorlee0321@163.com','2016-07-03 17:20:28','0','no define'),('z','z','n','n','201321314317','林远梓','caiyuanzi@163.com','2016-07-07 11:52:25','0','no define');
/*!40000 ALTER TABLE `user` ENABLE KEYS */;
UNLOCK TABLES;
/*!40103 SET TIME_ZONE=@OLD_TIME_ZONE */;

/*!40101 SET SQL_MODE=@OLD_SQL_MODE */;
/*!40014 SET FOREIGN_KEY_CHECKS=@OLD_FOREIGN_KEY_CHECKS */;
/*!40014 SET UNIQUE_CHECKS=@OLD_UNIQUE_CHECKS */;
/*!40101 SET CHARACTER_SET_CLIENT=@OLD_CHARACTER_SET_CLIENT */;
/*!40101 SET CHARACTER_SET_RESULTS=@OLD_CHARACTER_SET_RESULTS */;
/*!40101 SET COLLATION_CONNECTION=@OLD_COLLATION_CONNECTION */;
/*!40111 SET SQL_NOTES=@OLD_SQL_NOTES */;

-- Dump completed on 2016-07-11 10:48:13
